,dataset_name,sequence_name,image_path,mask,gold_mask,cyto3,nuclei,cyto2_cp3,tissuenet_cp3,livecell_cp3,yeast_PhC_cp3,yeast_BF_cp3,bact_phase_cp3,bact_fluor_cp3,deepbacs_cp3,cyto2,cyto,CPx,transformer_cp3,neurips_cellpose_default,neurips_cellpose_transformer,neurips_grayscale_cyto2,CP,CPx.1,TN1,TN2,TN3,LC1,LC2,LC3,LC4,generic_confocal_3D_unet,generic_light_sheet_3D_unet,confocal_3D_unet_ovules_ds1x,confocal_3D_unet_ovules_ds2x,confocal_3D_unet_ovules_ds3x,confocal_2D_unet_ovules_ds2x,lightsheet_3D_unet_root_ds1x,lightsheet_3D_unet_root_ds2x,lightsheet_3D_unet_root_ds3x,lightsheet_2D_unet_root_ds1x,lightsheet_3D_unet_root_nuclei_ds1x,lightsheet_2D_unet_root_nuclei_ds1x,confocal_2D_unet_sa_meristem_cells,confocal_3D_unet_sa_meristem_cells,lightsheet_3D_unet_mouse_embryo_cells,confocal_3D_unet_mouse_embryo_nuclei,PlantSeg_3Dnuc_platinum
0,BF-C2DL-HSC,1,./datasets/BF-C2DL-HSC/01/t0930.tif,./datasets/BF-C2DL-HSC/01_ERR_SEG/mask0930.tif,./datasets/BF-C2DL-HSC/01_GT/SEG/man_seg0930.tif,0.9858048339874167,0.9943752401080376,0.9121813694937622,0.9971357615731972,0.9872342456506726,0.9685297681993964,0.9959068355064411,0.9666227433047397,0.9488849936237588,0.9971357615731972,0.9290227053971412,0.9711772571631743,0.9670910924577165,,,,0.9940068376001548,0.9753779718536234,,0.9818965667979382,0.9971357615731972,0.9938080737402127,0.99672334586709,0.9779710527106696,0.9708116629701471,0.9577531419337443,,,,,,0.9971338065945942,,,,0.9971338065945942,,0.9971338065945942,0.9971338065945942,,,,
1,BF-C2DL-HSC,1,./datasets/BF-C2DL-HSC/01/t1378.tif,./datasets/BF-C2DL-HSC/01_ERR_SEG/mask1378.tif,,0.9858608885077621,0.9923341715290154,0.9251764808015498,0.9948432490464313,0.983011919260448,0.9830389036036254,0.9949836945627356,0.9683892243184156,0.9441622720836137,0.9944337292156876,0.9233144131685102,0.9728679884231077,0.9697670399524213,,,,0.991787610343003,0.9544785263143777,,0.9806036365754449,0.9949505320324402,0.9912899365777766,0.9935411689409374,0.9757318691109109,0.9942933611203701,0.945404337444981,,,,,,0.9949485813296984,,,,0.9949485813296984,,0.9949485813296984,0.9949485813296984,,,,
2,BF-C2DL-HSC,1,./datasets/BF-C2DL-HSC/01/t0589.tif,./datasets/BF-C2DL-HSC/01_ERR_SEG/mask0589.tif,,0.9874065328610783,0.995451989143458,0.9315045797732598,0.9980569821328539,0.9807459301603082,0.9848929430352653,0.997266753859046,0.9739999380766611,0.9480178474412334,0.9977869823644037,0.9288786277563006,0.9759002539364017,0.9718383367047819,,,,0.9936171418632239,0.9859014816876951,,0.9849682582151631,0.9983348841765023,0.9946267676135653,0.9979239296486349,0.9802556803015906,0.9893870753221223,0.959580882896745,,,,,,0.9983329268495745,,,,0.9983329268495745,,0.9983329268495745,0.9983329268495745,,,,
3,BF-C2DL-HSC,1,./datasets/BF-C2DL-HSC/01/t0097.tif,./datasets/BF-C2DL-HSC/01_ERR_SEG/mask0097.tif,,0.9875033365351081,0.996772201391927,0.94472749317744,0.9986559376793961,0.991377400277399,0.9853371920352966,0.9975894200802679,0.9699591370107449,0.9479657688124971,0.9980530685715517,0.9329319418850871,0.9780707750271715,0.9691681659189709,,,,0.9893502190508414,0.9870194124453137,,0.9766315299953495,0.9841111615734793,0.9947437787694029,0.9990064735985545,0.9863635876830269,0.9394642279977945,0.9712686769059526,,,,,,0.9993826041365523,,,,0.9993826041365523,,0.9993826041365523,0.9993826041365523,,,,
4,BF-C2DL-HSC,1,./datasets/BF-C2DL-HSC/01/t0367.tif,./datasets/BF-C2DL-HSC/01_ERR_SEG/mask0367.tif,,0.9856038369005816,0.9949173706046451,0.94522070846765,0.9982839949225055,0.9848562530949534,0.9765415270386657,0.9980335009950015,0.9692422924752397,0.9495088483736575,0.9978965386897826,0.9102227157520811,0.9704595259964091,0.9721814345053451,,,,0.9945994669857713,0.9810382730146893,,0.98253403259394,0.9883846835318437,0.9949095680759712,0.9980295875256829,0.9764802531196748,0.98873550266211,0.9570733111105781,,,,,,0.9984405855248722,,,,0.9984405855248722,,0.9984405855248722,0.9984405855248722,,,,
5,BF-C2DL-HSC,2,./datasets/BF-C2DL-HSC/02/t0930.tif,./datasets/BF-C2DL-HSC/02_ERR_SEG/mask0930.tif,,0.9713086757099639,0.9857352534678829,0.9733908526824361,0.9562813969164741,0.9785445933810595,0.9742272480518512,0.9877744369985989,0.9759634056458588,0.9180887179492001,0.9877783103981792,0.9782510678114834,0.9557038166036398,0.9840088999360123,,,,0.983206608485348,0.9674230538162819,,0.982638068944339,0.9756629926810798,0.9817502578936836,0.9874897834530418,0.9480011075783182,0.9874491253158663,0.9262379822558001,,,,,,0.9877763736965022,,,,0.9877763736965022,,0.9877763736965022,0.9877763736965022,,,,
6,BF-C2DL-HSC,2,./datasets/BF-C2DL-HSC/02/t1378.tif,./datasets/BF-C2DL-HSC/02_ERR_SEG/mask1378.tif,,0.9581740473313376,0.9633713169946811,0.9033935860058309,0.9181879038141871,0.951724428219934,0.9560825807787705,0.9641406186821523,0.9484792368822422,0.8972921599297699,0.9630822758745444,0.9272442164725442,0.9502058030141108,0.960774891471177,,,,0.9595074818955416,0.9515470711967454,,0.9616232571868657,0.9526677622228369,0.9637549474073276,0.9637549474073276,0.9381837009029721,0.9636793433483996,0.9313253935873029,,,,,,0.9637530572349025,,,,0.9637530572349025,,0.9637530572349025,0.9637530572349025,,,,
7,BF-C2DL-HSC,2,./datasets/BF-C2DL-HSC/02/t0589.tif,./datasets/BF-C2DL-HSC/02_ERR_SEG/mask0589.tif,,0.9793335150778413,0.9934729930430705,0.9494566899941522,0.9580838380823409,0.9852348039821464,0.9832297424192642,0.9954110045909516,0.9813018401964793,0.9213509917060395,0.9944337292156876,0.9861102728297545,0.9794564208144665,0.9798636551105073,,,,0.994975891515241,0.9710001555391751,,0.9873213534279881,0.9865511983376923,0.9922057707762298,0.994975891515241,0.9464994113370567,0.9946930722496955,0.9417161565402772,,,,,,0.9949739407629049,,,,0.9949739407629049,,0.9949739407629049,0.9949739407629049,,,,
8,BF-C2DL-HSC,2,./datasets/BF-C2DL-HSC/02/t0097.tif,./datasets/BF-C2DL-HSC/02_ERR_SEG/mask0097.tif,,0.9765568461120385,0.9959165984306199,0.9580049118072437,0.9752135006162256,0.9984347129343843,0.9877337672143766,0.9979493647829353,0.982807633061048,0.8914208369643817,0.9984347129343843,0.9871297263971123,0.9763692038240933,0.9792701477710171,,,,0.9932373351466107,0.9701893224275374,,0.9962153900946544,0.9900837216379905,0.9895442147482937,0.9984347129343843,0.9425555049863559,0.9916865002274595,0.9449277158395973,,,,,,0.9984327554118915,,,,0.9984327554118915,,0.9984327554118915,0.9984327554118915,,,,
9,BF-C2DL-HSC,2,./datasets/BF-C2DL-HSC/02/t0367.tif,./datasets/BF-C2DL-HSC/02_ERR_SEG/mask0367.tif,,0.976869023948777,0.995186595225126,0.9724006983934245,0.9706117860009486,0.9887064245491489,0.9883885593100579,0.9972100535963389,0.9801345971306392,0.9199479029919079,0.9967272542210982,0.9844141494311903,0.9809344044865708,0.9833164994784583,,,,0.9924334016293382,0.9700523461119903,,0.9945546175767559,0.9889158059437406,0.9887296869714909,0.9972863064202544,0.9486411470640486,0.9927214194599473,0.9418325866576818,,,,,,0.9972843511469064,,,,0.9972843511469064,,0.9972843511469064,0.9972843511469064,,,,
10,BF-C2DL-MuSC,1,./datasets/BF-C2DL-MuSC/01/t1102.tif,./datasets/BF-C2DL-MuSC/01_ERR_SEG/mask1102.tif,,0.9776053834139258,0.9881466628524592,0.9759943742663685,0.958164746074688,0.9900133113960091,0.985651975316382,0.9887369729762702,0.9768171766887795,0.9521421225398347,0.9900133113960091,0.974774646381872,0.9739096060086968,0.983983448310423,,,,0.984137922393595,0.9707302503857833,,0.987957695014952,0.9771239207167101,0.9900133113960091,0.9863902913230268,0.9719923434353497,0.9826474528313698,0.9764559049677951,,,,,,0.9900115251632732,,,,0.9900115251632732,,0.9900186701134568,0.9900115251632732,,,,
11,BF-C2DL-MuSC,1,./datasets/BF-C2DL-MuSC/01/t0029.tif,./datasets/BF-C2DL-MuSC/01_ERR_SEG/mask0029.tif,,0.8900645099689087,0.9987378518238041,0.8931536022638874,0.9690097489535662,0.9911285462688793,0.9928306133528927,0.9992857890047578,0.9869849011589191,0.9839000068007975,0.9993561053209689,0.9333144975914667,0.9363944758291322,0.9482052142767385,,,,0.9993561053209689,0.8990156475380909,,0.9984585915492957,0.9866768701935743,0.9991974498744325,0.9993561053209689,0.9452497104551996,0.9971300218986716,0.9902955764526337,,,,,,0.9993543022767157,,,,0.9993543022767157,,0.9993543022767157,0.9993543022767157,,,,
12,BF-C2DL-MuSC,1,./datasets/BF-C2DL-MuSC/01/t0621.tif,./datasets/BF-C2DL-MuSC/01_ERR_SEG/mask0621.tif,,0.9647625267967682,0.9944799691972206,0.9691339164540952,0.9395793017290552,0.9941983098642224,0.9936764637116065,0.9956487181541348,0.9735933171436914,0.9432156527272456,0.9957690818907703,0.9720239164737967,0.9736653518037303,0.9958535248189856,,,,0.989206260907015,0.9754327251213127,,0.9940368849694424,0.9832256310068199,0.9931728095497956,0.9906976744186047,0.9665732923408807,0.9934595565194483,0.9792950015891211,,,,,,0.9958517280865375,,,,0.9958517280865375,,0.9958517280865375,0.9958517280865375,,,,
13,BF-C2DL-MuSC,1,./datasets/BF-C2DL-MuSC/01/t0150.tif,./datasets/BF-C2DL-MuSC/01_ERR_SEG/mask0150.tif,,0.9064309281666003,0.9982406425980805,0.9003976448180597,0.9686443326797943,0.989782913844044,0.9964016792163657,0.9987378518238041,0.9906154545111722,0.9704377456892452,0.9988928299015267,0.9273379743930342,0.946831472592936,0.9769899288581818,,,,0.9997167795489579,0.9176439958585865,,0.9978012867878963,0.9861304838205401,0.9988928299015267,0.9938575546232469,0.9399340066833327,0.9974215077962901,0.988988540869523,,,,,,0.9988910276927515,,,,0.9988910276927515,,0.9988910276927515,0.9988910276927515,,,,
14,BF-C2DL-MuSC,1,./datasets/BF-C2DL-MuSC/01/t0946.tif,./datasets/BF-C2DL-MuSC/01_ERR_SEG/mask0946.tif,,0.9743736797671759,0.985276800977129,0.9695590026411336,0.9567976529443227,0.9869296978344022,0.9841521281146689,0.987075726206161,0.9691024358876433,0.9524550115630455,0.9879701729153142,0.9695572529391803,0.9760947652705606,0.9811432876019484,,,,0.983962143427942,0.9678056123608271,,0.9871897144844425,0.9752391270259868,0.9879701729153142,0.9836461747277121,0.9623747758401238,0.9829045763395544,0.979830560995452,,,,,,0.9879683903485293,,,,0.9879683903485293,,0.9879719554852958,0.9879683903485293,,,,
15,BF-C2DL-MuSC,2,./datasets/BF-C2DL-MuSC/02/t1102.tif,./datasets/BF-C2DL-MuSC/02_ERR_SEG/mask1102.tif,,0.9465477277516331,0.9688593698520407,0.937045835601334,0.9569548319670793,0.9685027484845821,0.9535027160863685,0.9689240650221667,0.9485134174304871,0.920245010874263,0.969170645053847,0.9488559797681281,0.9612845695602096,0.9546928533768759,,,,0.9606826979285412,0.9422759348731674,,0.9652310190651449,0.9695292581307132,0.963372298972724,0.9699772705866463,0.9657729373721539,0.9029928894412839,0.9608283620701091,,,,,,0.9695275084816078,,,,0.9695275084816078,,0.9695292581307132,0.9695275084816078,,,,
16,BF-C2DL-MuSC,2,./datasets/BF-C2DL-MuSC/02/t0029.tif,./datasets/BF-C2DL-MuSC/02_ERR_SEG/mask0029.tif,,0.9875477939693311,0.9979327131472775,0.983090810861095,0.9987270402965671,0.9987270402965671,0.9835751843743262,0.9984333718830816,0.9772596941501103,0.9635201020268086,0.9958086074782508,0.9854777060937036,0.9975348864029524,0.9979579201786505,,,,0.9749400045965299,0.9692056259465028,,0.9984531872815218,0.9987270402965671,0.9923864710682306,0.9978949037927778,0.9972109816695914,0.9529813038667804,0.9861304838205401,,,,,,0.9987252383867323,,,,0.9987252383867323,,0.9987252383867323,0.9987252383867323,,,,
17,BF-C2DL-MuSC,2,./datasets/BF-C2DL-MuSC/02/t0621.tif,./datasets/BF-C2DL-MuSC/02_ERR_SEG/mask0621.tif,,0.9710298511841524,0.9908049279839086,0.9668803551499042,0.9813221087249882,0.9929201821551915,0.9773408144499355,0.9919514752484054,0.9631567203034735,0.913816782756796,0.9902741357904442,0.9685394535425967,0.9916669511426051,0.992735679212196,,,,0.9698915024305552,0.9618138973911089,,0.9950399360734867,0.9929201821551915,0.9864757223356663,0.9929201821551915,0.9943184987019622,0.9502274344636004,0.9779176658673061,,,,,,0.9929183907002416,,,,0.9929183907002416,,0.9929219736133621,0.9929183907002416,,,,
18,BF-C2DL-MuSC,2,./datasets/BF-C2DL-MuSC/02/t0150.tif,./datasets/BF-C2DL-MuSC/02_ERR_SEG/mask0150.tif,,0.9503458128581508,0.9975456850367876,0.9840580190025836,0.9981523958018828,0.9981523958018828,0.9869599702454304,0.9977490811150789,0.9685184790561226,0.9537919359287659,0.9948640151740098,0.9853710257475679,0.9974431027290689,0.9979219103285383,,,,0.9815027331195458,0.9523466924743985,,0.9976086793945472,0.9981523958018828,0.9862995289231171,0.9981523958018828,0.9981523958018828,0.9545084680615099,0.985196805833884,,,,,,0.9981505949280156,,,,0.9981505949280156,,0.9981505949280156,0.9981505949280156,,,,
19,BF-C2DL-MuSC,2,./datasets/BF-C2DL-MuSC/02/t0946.tif,./datasets/BF-C2DL-MuSC/02_ERR_SEG/mask0946.tif,,0.9625102682491573,0.9824364840419872,0.9543344540215193,0.9838520754906075,0.981708189125025,0.9629394510066412,0.9850901556705222,0.9603012991514356,0.9306746179649646,0.9838520754906075,0.9628056370548354,0.9828283189639753,0.9836497243787674,,,,0.9685918917143045,0.9534063284993933,,0.9795954447803733,0.9748326945157293,0.9761705055856784,0.9830837155717117,0.9785743098764507,0.9513740787911381,0.9777659230924315,,,,,,0.9838503003013752,,,,0.9838520754906075,,0.9838520754906075,0.9838503003013752,,,,
20,DIC-C2DH-HeLa,1,./datasets/DIC-C2DH-HeLa/01/t014.tif,./datasets/DIC-C2DH-HeLa/01_ERR_SEG/mask014.tif,,0.4389206338751022,0.44215037436803045,0.40025586035045924,0.4396990375241992,0.4396990375241992,0.3923019316872122,0.4165734511361487,0.43346785218237693,0.4021357452510022,0.4396990375241992,0.4262730791935646,0.38502668146034763,0.40164469111246565,,,,0.4217825433758007,0.4235738141138777,,0.4395527756574648,0.4396990375241992,0.4396990375241992,0.3446488521621823,0.43727572036767465,0.3271769947347104,0.4374412247729186,,,,,,0.4396950841099938,,,,0.4396950841099938,,0.4396950841099938,0.4396950841099938,,,,
21,DIC-C2DH-HeLa,1,./datasets/DIC-C2DH-HeLa/01/t024.tif,./datasets/DIC-C2DH-HeLa/01_ERR_SEG/mask024.tif,,0.39171059826609544,0.3918842503484436,0.3670350071182357,0.39209490783764983,0.39209490783764983,0.3699461990504485,0.3877175058098601,0.38289319589369175,0.35859695675608444,0.3911566791908128,0.4429799332300316,0.376907965921864,0.3405368918162223,,,,0.41206762350824555,0.37922979183492006,,0.39024920581886835,0.39209490783764983,0.38446710131953854,0.287269173825828,0.39120835964740036,0.3842806750734005,0.39209490783764983,,,,,,0.39209121154269966,,,,0.39209490783764983,,0.39209490783764983,0.39209490783764983,,,,
22,DIC-C2DH-HeLa,1,./datasets/DIC-C2DH-HeLa/01/t037.tif,./datasets/DIC-C2DH-HeLa/01_ERR_SEG/mask037.tif,,0.33983118200705836,0.3400332268370607,0.34230785970859245,0.3400332268370607,0.3386338626202896,0.3223934279855424,0.3559967308428425,0.33670214800178466,0.30613546451953644,0.3400332268370607,0.3374284460679775,0.3320122152609462,0.3262805869868229,,,,0.3122159261558176,0.3300624329308976,,0.3400332268370607,0.3400332268370607,0.3400332268370607,0.2663655467259245,0.3400332268370607,0.3300658071652181,0.33935199732276744,,,,,,0.3400298018407621,,,,0.3400332268370607,,0.3400332268370607,0.3400298018407621,,,,
23,DIC-C2DH-HeLa,1,./datasets/DIC-C2DH-HeLa/01/t040.tif,./datasets/DIC-C2DH-HeLa/01_ERR_SEG/mask040.tif,,0.3303898133909857,0.3295025472360777,0.3273382752055738,0.3303898133909857,0.3303898133909857,0.29640124821348207,0.3087209287812866,0.3264517173679843,0.30110160637487376,0.3303898133909857,0.3349969189714967,0.3269552980719098,0.31488819557998854,,,,0.311523308026166,0.3303898133909857,,0.3303898133909857,0.3303898133909857,0.3303898133909857,0.2606501285204875,0.3270829325584456,0.3124721503206781,0.3303898133909857,,,,,,0.33038643751252894,,,,0.33038643751252894,,0.33038643751252894,0.33038643751252894,,,,
24,DIC-C2DH-HeLa,1,./datasets/DIC-C2DH-HeLa/01/t025.tif,./datasets/DIC-C2DH-HeLa/01_ERR_SEG/mask025.tif,,0.38759630424598834,0.38776158435549535,0.37549191424163875,0.3879232296492389,0.3879232296492389,0.3555549809964578,0.3819636827552395,0.3832288566664556,0.350199843421649,0.3879232296492389,0.3463511840868587,0.375307897118424,0.35581789265441754,,,,0.3630934584055887,0.38296615176838017,,0.3806135615536537,0.3879232296492389,0.3876917946179724,0.2736101832845465,0.3879232296492389,0.3826488497881015,0.3879232296492389,,,,,,0.38791955547437335,,,,0.3879232296492389,,0.38791955547437335,0.38791955547437335,,,,
25,DIC-C2DH-HeLa,2,./datasets/DIC-C2DH-HeLa/02/t014.tif,./datasets/DIC-C2DH-HeLa/02_ERR_SEG/mask014.tif,./datasets/DIC-C2DH-HeLa/02_GT/SEG/man_seg014.tif,0.383926238184357,0.3864111148132282,0.3772117849787753,0.38580645843410594,0.38233898269334204,0.37253557076848565,0.3972443567944994,0.38440860924878995,0.3626824900519042,0.3798287215171884,0.3763802183147029,0.38237907531673104,0.3772045496335601,,,,0.38580645843410594,0.38580645843410594,,0.3836559650581265,0.38580645843410594,0.38580645843410594,0.27379274822884575,0.37818563215822554,0.3411129727448297,0.38580645843410594,,,,,,0.38580645843410594,,,,0.38580645843410594,,0.3858027954579095,0.38580645843410594,,,,
26,DIC-C2DH-HeLa,2,./datasets/DIC-C2DH-HeLa/02/t024.tif,./datasets/DIC-C2DH-HeLa/02_ERR_SEG/mask024.tif,,0.3577630968998371,0.3583540817621958,0.3571374951788548,0.3577630968998371,0.3577630968998371,0.3512263890786039,0.376933279056636,0.34644453975094186,0.33942043129149857,0.35582490502801967,0.3525300862925174,0.35394818053399923,0.35524662796168105,,,,0.37533315145537344,0.3496159311353199,,0.3527185285140396,0.3577630968998371,0.3577630968998371,0.24897980575215653,0.3577630968998371,0.3577630968998371,0.3577630968998371,,,,,,0.3577666131454913,,,,0.3577630968998371,,0.3577666131454913,0.3577630968998371,,,,
27,DIC-C2DH-HeLa,2,./datasets/DIC-C2DH-HeLa/02/t037.tif,./datasets/DIC-C2DH-HeLa/02_ERR_SEG/mask037.tif,,0.32631078325718826,0.3257473461688236,0.32370889351764187,0.32631078325718826,0.32631078325718826,0.3141565192979642,0.3222933727449502,0.3221499866344549,0.3006013217170414,0.32612291768895724,0.3222867029339144,0.3100878825966471,0.302591826999523,,,,0.3114183302608639,0.323241169567028,,0.3234048353467991,0.32631078325718826,0.32631078325718826,0.2295252277710681,0.32631078325718826,0.2541334966319657,0.32631078325718826,,,,,,0.32630742804813573,,,,0.32631078325718826,,0.32630742804813573,0.32631078325718826,,,,
28,DIC-C2DH-HeLa,2,./datasets/DIC-C2DH-HeLa/02/t040.tif,./datasets/DIC-C2DH-HeLa/02_ERR_SEG/mask040.tif,,0.30391357115855233,0.3036801273125124,0.3061680045043025,0.30391357115855233,0.30263390006534435,0.28668157153970936,0.3224101053311272,0.299118868504257,0.27641631162507607,0.3022197605132498,0.29713895513968747,0.2998145558761987,0.28738296529658613,,,,0.30391357115855233,0.30391357115855233,,0.3031357499353761,0.30391357115855233,0.30391357115855233,0.25114366646223457,0.30391357115855233,0.30391357115855233,0.30391357115855233,,,,,,0.30391032831039894,,,,0.30391357115855233,,0.30391032831039894,0.30391357115855233,,,,
29,DIC-C2DH-HeLa,2,./datasets/DIC-C2DH-HeLa/02/t025.tif,./datasets/DIC-C2DH-HeLa/02_ERR_SEG/mask025.tif,,0.33435136263221654,0.3347827968705845,0.34145611319354713,0.3347827968705845,0.3329265564301259,0.32759035442890533,0.33317398280539995,0.33105519575311826,0.3188805735488334,0.3347726022933257,0.33506490860847554,0.33174492297141117,0.33313669350122305,,,,0.3272206709921094,0.3347827968705845,,0.33168403593571805,0.3347827968705845,0.3347827968705845,0.24964366583243952,0.3347827968705845,0.3347114380998447,0.3347827968705845,,,,,,0.3347827968705845,,,,0.3347827968705845,,0.3347827968705845,0.3347827968705845,,,,
30,Fluo-C2DL-Huh7,1,./datasets/Fluo-C2DL-Huh7/01/t025.tif,,./datasets/Fluo-C2DL-Huh7/01_GT/SEG/man_seg025.tif,0.6506119493439746,0.6519277395042843,0.651018684209076,0.6522153601560549,0.6518952095360299,0.6522153601560549,0.6522153601560549,0.6518496697327774,0.6496057201065047,0.6514867422079809,0.6518965107101616,0.6502755374810453,0.6498133572487796,,,,0.6593532235565187,0.654835881690572,,0.6522153601560549,0.6522153601560549,0.6593085844995257,0.6519797901184582,0.6520422551853982,0.6517390835205877,0.650420996051711,,,,,,0.6522153601560549,,,,0.6522153601560549,,0.6522387906835297,0.6522153601560549,,,,
31,Fluo-C2DL-Huh7,1,./datasets/Fluo-C2DL-Huh7/01/t014.tif,,./datasets/Fluo-C2DL-Huh7/01_GT/SEG/man_seg014.tif,0.6433930904129813,0.6432887841327951,0.652927684729064,0.6444252769914766,0.6435167298190069,0.6444252769914766,0.6444252769914766,0.6444110933639452,0.6422271590746247,0.6436094715829782,0.6557399958155528,0.6481576080891402,0.6432218290546322,,,,0.6488755122386914,0.6447967172331144,,0.6444252769914766,0.6444252769914766,0.650349562299525,0.6437447387520986,0.6444252769914766,0.6460102254015048,0.6429759447210395,,,,,,0.6444239875606813,,,,0.6444252769914766,,0.6443002116187225,0.6444252769914766,,,,
32,Fluo-C2DL-Huh7,1,./datasets/Fluo-C2DL-Huh7/01/t006.tif,,./datasets/Fluo-C2DL-Huh7/01_GT/SEG/man_seg006.tif,0.6593492847195848,0.6576415928014405,0.6624997522682321,0.6585317245344466,0.6569828032347144,0.6573389822605666,0.6573389822605666,0.658167166241942,0.654553874823176,0.6568964005211301,0.6632988034158207,0.6545525694593469,0.6558158190404229,,,,0.662711966535689,0.6591313648827616,,0.6573389822605666,0.6573389822605666,0.6645939463018848,0.6569893492620335,0.6573389822605666,0.6602451949795671,0.6560354841282439,,,,,,0.6573389822605666,,,,0.6573389822605666,,0.6572525423983298,0.6573389822605666,,,,
33,Fluo-C2DL-Huh7,1,./datasets/Fluo-C2DL-Huh7/01/t002.tif,,./datasets/Fluo-C2DL-Huh7/01_GT/SEG/man_seg002.tif,0.6604620928223672,0.6583900785325616,0.6585566462413519,0.6578001471912324,0.6572865933888777,0.6578001471912324,0.6584490947596174,0.657794905239027,0.6553361580672253,0.6574778287902869,0.6584320451959172,0.6574568693327896,0.6565705077569591,,,,0.6667464082509491,0.6641752137599937,,0.6578001471912324,0.6578001471912324,0.6622757338807798,0.6582143661960694,0.6573324334704729,0.6552564593339201,0.6565678906633848,,,,,,0.6578001471912324,,,,0.6578001471912324,,0.6577804900413902,0.6578001471912324,,,,
34,Fluo-C2DL-Huh7,1,./datasets/Fluo-C2DL-Huh7/01/t019.tif,,./datasets/Fluo-C2DL-Huh7/01_GT/SEG/man_seg019.tif,0.6469461062796166,0.6477561654770997,0.6548149889963174,0.6485177778616257,0.6480501058934935,0.6485177778616257,0.6485177778616257,0.6493955407415214,0.6462001593487894,0.6491387275736927,0.6480669426605432,0.645150257148864,0.6533616310724313,,,,0.6589633693896375,0.6576088374103972,,0.6485177778616257,0.6485177778616257,0.6555465473264901,0.6472216440389743,0.6503820314203038,0.6534346294154425,0.6479995976563482,,,,,,0.6485177778616257,,,,0.6485177778616257,,0.6485035235486242,0.6485164820048029,,,,
35,Fluo-C2DL-Huh7,2,./datasets/Fluo-C2DL-Huh7/02/t021.tif,,./datasets/Fluo-C2DL-Huh7/02_GT/SEG/man_seg021.tif,0.5479844076048725,0.5503693041734218,0.5452276042971456,0.546243865609664,0.5462461457244269,0.5462461457244269,0.5462461457244269,0.5462427255548044,0.54427749325302,0.5473950382172231,0.5432978849447007,0.5432831207824033,0.5449703331206728,,,,0.5428914058275427,0.5496704695006018,,0.5497575030686226,0.5462461457244269,0.5488750236339572,0.5458358333714175,0.5462427255548044,0.5471838425808432,0.545691136247552,,,,,,0.5462461457244269,,,,0.5462461457244269,,0.5462461457244269,0.54624728578433,,,,
36,Fluo-C2DL-Huh7,2,./datasets/Fluo-C2DL-Huh7/02/t008.tif,,./datasets/Fluo-C2DL-Huh7/02_GT/SEG/man_seg008.tif,0.5361950247590026,0.540728637622939,0.5384929144221239,0.5359711255428059,0.5369076610429842,0.5369076610429842,0.5369076610429842,0.5366261301296842,0.5343102359681513,0.5362411628583296,0.5317629701046666,0.531415101710869,0.5342350304044761,,,,0.540199073009839,0.543951197892663,,0.5386351380599342,0.5369076610429842,0.5369065347138351,0.535858638011101,0.5369076610429842,0.5348391280227992,0.5368918925851257,,,,,,0.5369076610429842,,,,0.5369076610429842,,0.5369076610429842,0.5369076610429842,,,,
37,Fluo-C2DL-Huh7,2,./datasets/Fluo-C2DL-Huh7/02/t028.tif,,./datasets/Fluo-C2DL-Huh7/02_GT/SEG/man_seg028.tif,0.5410014828400576,0.5456170891440245,0.5397376982259425,0.5438023075116697,0.5438023075116697,0.5438023075116697,0.5438023075116697,0.5435227894153071,0.5417140529878929,0.5443718831281684,0.5356685715289962,0.5336672980305833,0.5423490104161687,,,,0.532953180702125,0.5408814643264404,,0.5474612627755916,0.5438023075116697,0.5465483204168667,0.5423921157629581,0.5433330929332684,0.5409584551853865,0.5438023075116697,,,,,,0.5438011710543169,,,,0.5438011710543169,,0.5436977604387111,0.5438011710543169,,,,
38,Fluo-C2DL-Huh7,2,./datasets/Fluo-C2DL-Huh7/02/t001.tif,,./datasets/Fluo-C2DL-Huh7/02_GT/SEG/man_seg001.tif,0.5369065347138351,0.533816483419234,0.5299080079079641,0.532862422229499,0.532862422229499,0.532862422229499,0.532862422229499,0.53246254069281,0.5314430595678679,0.5337805865389609,0.531483320675352,0.5315056888720113,0.5360543769249644,,,,0.5388067444305764,0.547672534161454,,0.5328512182250621,0.532862422229499,0.5328512182250621,0.532862422229499,0.532862422229499,0.5328008022318652,0.532862422229499,,,,,,0.532862422229499,,,,0.532862422229499,,0.532862422229499,0.532862422229499,,,,
39,Fluo-C2DL-Huh7,2,./datasets/Fluo-C2DL-Huh7/02/t000.tif,,./datasets/Fluo-C2DL-Huh7/02_GT/SEG/man_seg000.tif,0.5467045853480091,0.5308215178342015,0.5313714894922086,0.5292821353852571,0.5292821353852571,0.5292821353852571,0.5292821353852571,0.5294862407267487,0.530720955999889,0.5300988837727154,0.5377833180568286,0.5271261888620349,0.527917258020802,,,,0.5267115110218107,0.5399988838203891,,0.5310562135059012,0.5292821353852571,0.5292821353852571,0.5292821353852571,0.5292799050267148,0.5292765595010996,0.5292821353852571,,,,,,0.5292810202051728,,,,0.5292821353852571,,0.5292821353852571,0.5292821353852571,,,,
40,Fluo-C2DL-MSC,1,./datasets/Fluo-C2DL-MSC/01/t019.tif,./datasets/Fluo-C2DL-MSC/01_ERR_SEG/mask019.tif,./datasets/Fluo-C2DL-MSC/01_GT/SEG/man_seg019.tif,0.8908094560633031,0.8866967878945125,0.8924721320647208,0.8866967878945125,0.8866967878945125,0.8345706893332504,0.8860824000164534,0.8866601289709073,0.8859250948567694,0.8864272702546415,0.8949944781064383,0.8845341946060853,0.8866967878945125,,,,0.8756859024254442,0.8866967878945125,,0.8863237959414089,0.8866967878945125,0.8866967878945125,0.8785099269165902,0.8866967878945125,0.8856428732987738,0.8866967878945125,,,,,,0.8866989443461484,,,,0.8866989443461484,,0.8866967878945125,0.8866967878945125,,,,
41,Fluo-C2DL-MSC,1,./datasets/Fluo-C2DL-MSC/01/t008.tif,./datasets/Fluo-C2DL-MSC/01_ERR_SEG/mask008.tif,,0.914023130314998,0.9087334992275742,0.9067447528618129,0.9083870445624967,0.9083870445624967,0.8353029600548805,0.907981168561716,0.907981168561716,0.908124528947478,0.9088129587914502,0.9088350320666264,0.9083495379094594,0.9083870445624967,,,,0.9082745290260527,0.9083870445624967,,0.9083826319385595,0.9083870445624967,0.9081487920672591,0.9074542286234614,,0.9083870445624967,0.9083870445624967,,,,,,0.9083892508821176,,,,0.9083892508821176,,0.9083870445624967,0.9083848382479773,,,,
42,Fluo-C2DL-MSC,1,./datasets/Fluo-C2DL-MSC/01/t028.tif,./datasets/Fluo-C2DL-MSC/01_ERR_SEG/mask028.tif,./datasets/Fluo-C2DL-MSC/01_GT/SEG/man_seg028.tif,0.9088880100099683,0.9021854491607945,0.9097559423609786,0.9021854491607945,0.9021854491607945,0.860613588766127,0.9021854491607945,0.9017120948017341,0.9017953530277212,0.9021854491607945,0.9080010171764108,0.9021569535767541,0.9021854491607945,,,,0.902040788107636,0.9021854491607945,,0.9018523233829183,0.9021854491607945,0.9021854491607945,0.8831431961303277,0.9021854491607945,0.9012652541738414,0.9021854491607945,,,,,,0.9021854491607945,,,,0.9021854491607945,,0.9021854491607945,0.9021854491607945,,,,
43,Fluo-C2DL-MSC,1,./datasets/Fluo-C2DL-MSC/01/t015.tif,./datasets/Fluo-C2DL-MSC/01_ERR_SEG/mask015.tif,,0.9289011248402016,0.9194872337530801,0.9198243336915511,0.9196970701351019,0.9196970701351019,0.8362972538217999,0.9184253619373366,0.9194961620263291,0.9190342329271327,0.9197774451550476,0.9360615340587215,0.9196211665734391,0.9196970701351019,,,,0.9196970701351019,0.9196970701351019,,0.9196970701351019,0.9196970701351019,0.9196457229512544,0.910527363552609,0.9196970701351019,0.9181154991180346,0.9196970701351019,,,,,,0.9196993026836677,,,,0.9196993026836677,,0.9196970701351019,0.9196993026836677,,,,
44,Fluo-C2DL-MSC,1,./datasets/Fluo-C2DL-MSC/01/t017.tif,./datasets/Fluo-C2DL-MSC/01_ERR_SEG/mask017.tif,,0.901440460763139,0.9009893692612609,0.9034005933828473,0.9009893692612609,0.9009893692612609,0.8202256359588426,0.8983855497618232,0.9004575315402027,0.9004334636218677,0.9009893692612609,0.9046194887131985,0.9018106908645138,0.9009893692612609,,,,0.9009893692612609,0.9009893692612609,,0.9009784230988926,0.9009893692612609,0.9009893692612609,0.9006632277081799,0.9009893692612609,0.9009893692612609,0.9009893692612609,,,,,,0.9009915585088618,,,,0.9009915585088618,,0.9009893692612609,0.9009915585088618,,,,
45,Fluo-C2DL-MSC,2,./datasets/Fluo-C2DL-MSC/02/t019.tif,./datasets/Fluo-C2DL-MSC/02_ERR_SEG/mask019.tif,./datasets/Fluo-C2DL-MSC/02_GT/SEG/man_seg019.tif,0.8745374333179852,0.8746385417613491,0.8771378848192675,0.8758058229138557,0.8758058229138557,0.8732913253476239,0.8748370456132429,0.8758058229138557,0.8758058229138557,0.8765447899085724,0.8796476662143147,0.874805207259476,0.8758058229138557,,,,0.8746516492100054,0.8758058229138557,,0.8758058229138557,0.8758058229138557,0.8758058229138557,0.8675165751051523,0.8758058229138557,0.874187382788393,0.8758058229138557,,,,,,0.8758076977279019,,,,0.8758076977279019,,0.8758076977279019,0.8758058229138557,,,,
46,Fluo-C2DL-MSC,2,./datasets/Fluo-C2DL-MSC/02/t008.tif,./datasets/Fluo-C2DL-MSC/02_ERR_SEG/mask008.tif,./datasets/Fluo-C2DL-MSC/02_GT/SEG/man_seg008.tif,0.8639795486642871,0.8623333941939018,0.8645147125589491,0.8620728657051381,0.8620728657051381,0.8411299483800843,0.8476660024730056,0.8614929435253907,0.8618770554009613,0.8623685064435688,0.861976802673913,0.861675746237566,0.8617422288530366,,,,0.895060805925902,0.8617847063433409,,0.8620728657051381,0.8620728657051381,0.8620728657051381,0.8569087930092846,0.8620728657051381,0.8614135555498251,0.8620728657051381,,,,,,0.8620728657051381,,,,0.8620747131682653,,0.8620710182456767,0.8620728657051381,,,,
47,Fluo-C2DL-MSC,2,./datasets/Fluo-C2DL-MSC/02/t028.tif,./datasets/Fluo-C2DL-MSC/02_ERR_SEG/mask028.tif,./datasets/Fluo-C2DL-MSC/02_GT/SEG/man_seg028.tif,0.9124753145170001,0.9094360815050849,0.9088767651617785,0.9096070491035998,0.9096070491035998,0.7988469666981363,0.8921395755388938,0.9088301702569109,0.9086981637119542,0.9093001064113337,0.9105284696023601,0.9083759891159119,0.9096070491035998,,,,0.9096070491035998,0.9096070491035998,,0.9091272517539496,0.9096070491035998,0.9096070491035998,0.9083274782684735,0.9096070491035998,0.9059147537787238,0.9096070491035998,,,,,,0.9096070491035998,,,,0.9096070491035998,,0.9096070491035998,0.9096089920931525,,,,
48,Fluo-C2DL-MSC,2,./datasets/Fluo-C2DL-MSC/02/t015.tif,./datasets/Fluo-C2DL-MSC/02_ERR_SEG/mask015.tif,./datasets/Fluo-C2DL-MSC/02_GT/SEG/man_seg015.tif,0.8808400444154043,0.8699019317736869,0.8739515935777618,0.8708451000465518,0.8708451000465518,0.8671598536754735,0.8696802575791387,0.8708823989720514,0.8815452571385033,0.8711752472068961,0.8696504566537561,0.8695591972291316,0.8708451000465518,,,,0.8838720556970868,0.8708451000465518,,0.8708451000465518,0.8708451000465518,0.8708451000465518,0.8649649325381131,0.8708451000465518,0.8692296200388426,0.8708451000465518,,,,,,0.8708451000465518,,,,0.8708451000465518,,0.8708469649575052,0.8708451000465518,,,,
49,Fluo-C2DL-MSC,2,./datasets/Fluo-C2DL-MSC/02/t017.tif,./datasets/Fluo-C2DL-MSC/02_ERR_SEG/mask017.tif,,0.8770402611534276,0.8776054927563925,0.8794010911100963,0.8787990421808805,0.8787990421808805,0.8738823651574499,0.8776167632920321,0.8787990421808805,0.8810794557618582,0.8792862957693028,0.8798415836823981,0.8772974838332158,0.8787990421808805,,,,0.8776486972111395,0.8787990421808805,,0.8787990421808805,0.8723737085529808,0.8787990421808805,0.8968976303940247,0.8787990421808805,0.8763815669105789,0.8787990421808805,,,,,,0.8788009229829769,,,,0.8788009229829769,,0.8788009229829769,0.8788009229829769,,,,
50,Fluo-N2DH-GOWT1,1,./datasets/Fluo-N2DH-GOWT1/01/t030.tif,./datasets/Fluo-N2DH-GOWT1/01_ERR_SEG/mask030.tif,,0.8943778002601532,0.8694010060338857,0.8749682610639249,0.8687013867664186,0.8687013867664186,0.870047786646312,0.8676762252341551,0.8686963913695117,0.8687013867664186,0.8687013867664186,0.9011750713002297,0.8740165923786579,0.9316323551219549,,,,0.893175583145188,0.9398065328910735,,0.8687013867664186,0.8687013867664186,0.8720660147790551,0.9405783744369307,0.8687013867664186,0.8716483234031008,0.8687013867664186,,,,,,0.8687013867664186,,,,0.8687013867664186,,0.8687013867664186,0.8687013867664186,,,,
51,Fluo-N2DH-GOWT1,1,./datasets/Fluo-N2DH-GOWT1/01/t071.tif,./datasets/Fluo-N2DH-GOWT1/01_ERR_SEG/mask071.tif,,0.929316867097458,0.8765486891955496,0.8735863131798182,0.8746146234371522,0.8746146234371522,0.8746146234371522,0.8746045693414867,0.8745995423340961,0.8749112677844393,0.8746146234371522,0.8740819049372268,0.8726945737763181,0.9244252148418681,,,,0.8598104319200862,0.8872025981575686,,0.8746146234371522,0.8746146234371522,0.8767854793689375,0.8743817312419002,0.8744001594510024,0.874324773613708,0.8746146234371522,,,,,,0.8746146234371522,,,,0.8746146234371522,,0.8746146234371522,0.8746146234371522,,,,
52,Fluo-N2DH-GOWT1,1,./datasets/Fluo-N2DH-GOWT1/01/t073.tif,./datasets/Fluo-N2DH-GOWT1/01_ERR_SEG/mask073.tif,,0.9098840492071414,0.8771214544712441,0.8909035826283909,0.8743582776816485,0.8743582776816485,0.8749799954045309,0.87485763021583,0.874483928604947,0.8746749502759962,0.8743582776816485,0.942654620672534,0.8739914733759694,0.8875151318779729,,,,0.9020734453694625,0.8827483799841634,,0.8743582776816485,0.8743582776816485,0.8773012505482898,0.889115089845819,0.8743482263354992,0.8844181505646106,0.8743582776816485,,,,,,0.8743582776816485,,,,0.8743582776816485,,0.8743582776816485,0.8743582776816485,,,,
53,Fluo-N2DH-GOWT1,1,./datasets/Fluo-N2DH-GOWT1/01/t063.tif,./datasets/Fluo-N2DH-GOWT1/01_ERR_SEG/mask063.tif,,0.9076793766333946,0.8765940273692632,0.8900583108771867,0.8752281272773608,0.8752281272773608,0.8757161997542158,0.8756155454631639,0.8752230969251074,0.8755937384572593,0.8752281272773608,0.9019354440837952,0.9114855824094092,0.9494952781385111,,,,0.8976106497375026,0.8830662033420431,,0.8752281272773608,0.8752281272773608,0.8807762190976874,0.961632611064602,0.8752281272773608,0.8811844952117144,0.8752281272773608,,,,,,0.8752281272773608,,,,0.8752281272773608,,0.8752281272773608,0.8752281272773608,,,,
54,Fluo-N2DH-GOWT1,1,./datasets/Fluo-N2DH-GOWT1/01/t024.tif,./datasets/Fluo-N2DH-GOWT1/01_ERR_SEG/mask024.tif,,0.9011819653732556,0.8746146234371522,0.8990540733885471,0.8731662700879619,0.8731662700879619,0.874512411822963,0.8730692351250497,0.8731662700879619,0.8733319219599867,0.8733084946640929,0.8851770382842087,0.8889993802873737,0.881221620011805,,,,0.8874675657213212,0.9424386999849025,,0.8731662700879619,0.8731662700879619,0.8804237595886143,0.8929295135695247,0.8731662700879619,0.8757933753604625,0.8731662700879619,,,,,,0.8731662700879619,,,,0.8731662700879619,,0.8731662700879619,0.8731662700879619,,,,
55,Fluo-N2DH-GOWT1,2,./datasets/Fluo-N2DH-GOWT1/02/t030.tif,./datasets/Fluo-N2DH-GOWT1/02_ERR_SEG/mask030.tif,./datasets/Fluo-N2DH-GOWT1/02_GT/SEG/man_seg030.tif,0.9437853890208647,0.8557947570739857,0.903475292466796,0.8550527727357966,0.8543540118167815,0.8562300460881703,0.8539884383865369,0.8551003601128371,0.8549723720254706,0.8543540118167815,0.8543113814812195,0.8538065250674465,0.8511687027752277,,,,0.9201207107136252,0.8563877860838545,,0.855264473243045,0.8543540118167815,0.8543540118167815,0.873517687691068,0.8549854981960092,0.8535804123365087,0.8543540118167815,,,,,,0.8543540118167815,,,,0.854355651484217,,0.8543540118167815,0.854355651484217,,,,
56,Fluo-N2DH-GOWT1,2,./datasets/Fluo-N2DH-GOWT1/02/t071.tif,./datasets/Fluo-N2DH-GOWT1/02_ERR_SEG/mask071.tif,,0.8561856865442045,0.8384603988214369,0.8382911880618785,0.8385103622400674,0.8385103622400674,0.8386231928529471,0.8379560815548139,0.8385748351802497,0.8386280287601251,0.838700570420547,0.8390811048770264,0.857624344187439,0.8420889900778593,,,,0.8161043963514275,0.8380624001935216,,0.838992406923651,0.8385103622400674,0.8385103622400674,0.85628426618798,0.8385103622400674,0.8373683292900141,0.8385103622400674,,,,,,0.8385103622400674,,,,0.8385103622400674,,0.8385135857796854,0.8385119740084633,,,,
57,Fluo-N2DH-GOWT1,2,./datasets/Fluo-N2DH-GOWT1/02/t073.tif,./datasets/Fluo-N2DH-GOWT1/02_ERR_SEG/mask073.tif,,0.8336428528960189,0.836004261812566,0.8366120510500858,0.8363257932974151,0.8363257932974151,0.8366152679363528,0.8339876151406261,0.8362003826234661,0.8362807721101688,0.8363257932974151,0.8465656544310841,0.845686449665345,0.8308222825565051,,,,0.8222318767541078,0.8363257932974151,,0.8367713004484305,0.8363257932974151,0.8363257932974151,0.8537377023097118,0.8363257932974151,0.8366699567270934,0.8363257932974151,,,,,,0.8363257932974151,,,,0.8363257932974151,,0.8363257932974151,0.8363257932974151,,,,
58,Fluo-N2DH-GOWT1,2,./datasets/Fluo-N2DH-GOWT1/02/t063.tif,./datasets/Fluo-N2DH-GOWT1/02_ERR_SEG/mask063.tif,,0.8573479489616167,0.8377934056304086,0.8376001647323756,0.8371912721780747,0.8371912721780747,0.8374794098061893,0.8369160965953384,0.8375792327414134,0.8371365523379526,0.8371912721780747,0.8562481191028342,0.835470768067399,0.8365654074655308,,,,0.9203527991897925,0.8371864438257665,,0.8382734630228773,0.8371912721780747,0.8383894876638718,0.8521496449641431,0.8371912721780747,0.8361183925979236,0.8371912721780747,,,,,,0.8371912721780747,,,,0.8371912721780747,,0.8371912721780747,0.8371912721780747,,,,
59,Fluo-N2DH-GOWT1,2,./datasets/Fluo-N2DH-GOWT1/02/t024.tif,./datasets/Fluo-N2DH-GOWT1/02_ERR_SEG/mask024.tif,,0.872749760007144,0.8571587972646751,0.8579995835972766,0.8568348616948654,0.8568348616948654,0.8577477614743265,0.8561544718397432,0.8568184212786416,0.8570831473728208,0.8568348616948654,0.8575305580159434,0.8850465609607018,0.8750872876150386,,,,0.8359206820690736,0.8568332176401422,,0.8571374173226394,0.8568348616948654,0.8568348616948654,0.875315324338076,0.856502821732876,0.8572953115770102,0.8568348616948654,,,,,,0.8568348616948654,,,,0.8568348616948654,,0.8568348616948654,0.8568365057524999,,,,
60,Fluo-N2DH-SIM+,1,./datasets/Fluo-N2DH-SIM+/01/t044.tif,./datasets/Fluo-N2DH-SIM+/01_ERR_SEG/mask044.tif,./datasets/Fluo-N2DH-SIM+/01_GT/SEG/man_seg044.tif,0.7741311437151859,0.7037974882630954,0.7549536779223409,0.7012589048921205,0.7011386856728963,0.695577146568894,0.7011353464926744,0.6992974496028423,0.6881358705497583,0.7012589048921205,0.7830814653265711,0.6963537711104674,0.7090929170380771,,,,0.7880589747504549,0.7693535808054618,,0.7012288484943662,0.7012589048921205,0.7012589048921205,0.6994207411532624,0.7011687388848103,0.6803066524741015,0.7012589048921205,,,,,,0.7012589048921205,,,,0.7012589048921205,,0.7012589048921205,0.7012589048921205,,,,
61,Fluo-N2DH-SIM+,1,./datasets/Fluo-N2DH-SIM+/01/t015.tif,./datasets/Fluo-N2DH-SIM+/01_ERR_SEG/mask015.tif,./datasets/Fluo-N2DH-SIM+/01_GT/SEG/man_seg015.tif,0.75611653947939,0.7263951361968469,0.742504820519832,0.7265395894428153,0.7265395894428153,0.7265395894428153,0.7265327101686608,0.7227060303854939,0.7136281128023823,0.7265395894428153,0.760679697451744,0.7188383204317326,0.754694289104228,,,,0.9389133994970602,0.7426519823611382,,0.7265395894428153,0.7265395894428153,0.7495508226506511,0.7365377448092622,0.7265395894428153,0.7290783396346877,0.7264329668534591,,,,,,0.7265395894428153,,,,0.7265395894428153,,0.7265395894428153,0.7265395894428153,,,,
62,Fluo-N2DH-SIM+,1,./datasets/Fluo-N2DH-SIM+/01/t024.tif,./datasets/Fluo-N2DH-SIM+/01_ERR_SEG/mask024.tif,./datasets/Fluo-N2DH-SIM+/01_GT/SEG/man_seg024.tif,0.7292888014462621,0.7042632145097569,0.7152153519136455,0.7026694093585519,0.7026694093585519,0.7014292445421706,0.7026694093585519,0.7017733678673047,0.6837409730897532,0.7035864875224831,0.7234014628151436,0.7054269667785723,0.7097605340930164,,,,0.9333250049078222,0.691608906204557,,0.7026694093585519,0.7026694093585519,0.7074833416739894,0.7109250532541809,0.7026694093585519,0.6990742374516239,0.702589128371967,,,,,,0.7026694093585519,,,,0.7026694093585519,,0.7026694093585519,0.7026694093585519,,,,
63,Fluo-N2DH-SIM+,1,./datasets/Fluo-N2DH-SIM+/01/t000.tif,./datasets/Fluo-N2DH-SIM+/01_ERR_SEG/mask000.tif,./datasets/Fluo-N2DH-SIM+/01_GT/SEG/man_seg000.tif,0.7344316626239823,0.7283576374485465,0.8811496493356805,0.7269317987079496,0.7271555065736897,0.7270075087282988,0.7271555065736897,0.7074059699316557,0.7204044927760639,0.7270556912885959,0.7296304796878587,0.7258278752347364,0.7230759442581035,,,,0.9058593784361503,0.7405764966740577,,0.7271073184438815,0.7271555065736897,0.7489717747631752,0.7323410711394425,0.7271555065736897,0.7354284604340173,0.7270556912885959,,,,,,0.7271555065736897,,,,0.7271555065736897,,0.7271555065736897,0.7271555065736897,,,,
64,Fluo-N2DH-SIM+,1,./datasets/Fluo-N2DH-SIM+/01/t001.tif,./datasets/Fluo-N2DH-SIM+/01_ERR_SEG/mask001.tif,./datasets/Fluo-N2DH-SIM+/01_GT/SEG/man_seg001.tif,0.8449276411306632,0.7273241862059618,0.7279372181215681,0.7259653588093659,0.7260753614413439,0.7256594877023066,0.7260512971674626,0.7096829558434488,0.7197080639592337,0.7260753614413439,0.7357204229146179,0.7245880760964738,0.7269077105480776,,,,0.9589821719602254,0.7396401242944204,,0.7259997331256759,0.7260753614413439,0.7260753614413439,0.7260066081532422,0.7260341088112106,0.737000655403875,0.734410835864984,,,,,,0.7260753614413439,,,,0.7260753614413439,,0.7260753614413439,0.7260753614413439,,,,
65,Fluo-N2DH-SIM+,2,./datasets/Fluo-N2DH-SIM+/02/t038.tif,./datasets/Fluo-N2DH-SIM+/02_ERR_SEG/mask038.tif,./datasets/Fluo-N2DH-SIM+/02_GT/SEG/man_seg038.tif,0.9414915491569549,0.9413298986764903,0.9546785926924577,0.9413298986764903,0.9413298986764903,0.9007068836728005,0.8918658448943365,0.9410759308718493,0.9419535560458389,0.9413101065899541,0.9633449731230839,0.9403506745832257,0.9412210471944323,,,,0.9367653390925211,0.9413298986764903,,0.955699116892365,0.9413298986764903,0.9413298986764903,0.940950620597799,0.9413298986764903,0.9404132889710916,0.9413298986764903,,,,,,0.9413298986764903,,,,0.9413298986764903,,0.9413298986764903,0.9413298986764903,,,,
66,Fluo-N2DH-SIM+,2,./datasets/Fluo-N2DH-SIM+/02/t106.tif,./datasets/Fluo-N2DH-SIM+/02_ERR_SEG/mask106.tif,./datasets/Fluo-N2DH-SIM+/02_GT/SEG/man_seg106.tif,0.8339676674216607,0.8392465891254477,0.838947585292205,0.8384534060243659,0.8384534060243659,0.6951402262968447,0.8363347048990614,0.837950622010801,0.8372028700716875,0.8383587433122812,0.8367627790326599,0.8391548053302769,0.8398241489258913,,,,0.8314863411279451,0.8384534060243659,,0.8382078947622464,0.8384534060243659,0.8384534060243659,0.8002436053593179,,0.8368749969854191,0.8384534060243659,,,,,,0.8384534060243659,,,,0.8384534060243659,,0.8384534060243659,0.8384534060243659,,,,
67,Fluo-N2DH-SIM+,2,./datasets/Fluo-N2DH-SIM+/02/t068.tif,./datasets/Fluo-N2DH-SIM+/02_ERR_SEG/mask068.tif,./datasets/Fluo-N2DH-SIM+/02_GT/SEG/man_seg068.tif,0.9152363087125689,0.9130811904199758,0.915897927800873,0.9132253548486493,0.9132253548486493,0.6838873609772346,0.9083422974390496,0.9116087547957789,0.9178919696560198,0.9148382728319475,0.9141485219512522,0.9144821068295005,0.9145591044676074,,,,0.9132445784141338,0.9132157432107697,,0.9132253548486493,0.9132253548486493,0.9152780478646004,0.9094809360099076,0.9132253548486493,0.909707549945174,0.9132253548486493,,,,,,0.9132253548486493,,,,0.9132253548486493,,0.9132253548486493,0.9132285587494035,,,,
68,Fluo-N2DH-SIM+,2,./datasets/Fluo-N2DH-SIM+/02/t091.tif,./datasets/Fluo-N2DH-SIM+/02_ERR_SEG/mask091.tif,./datasets/Fluo-N2DH-SIM+/02_GT/SEG/man_seg091.tif,0.8706318266140322,0.87297168806046,0.8814444958608004,0.8725142959227323,0.8725142959227323,0.6132386518478563,0.8681786593192763,0.8722657402248369,0.8752004464395624,0.8724559868099738,0.901152845171296,0.8730300292964748,0.8792503355528068,,,,0.872081667431343,0.8734815290969198,,0.8725112269315239,0.8725142959227323,0.8725142959227323,0.8359481335902335,0.8725142959227323,0.8640941760007832,0.8725142959227323,,,,,,0.8725142959227323,,,,0.8725142959227323,,0.8725142959227323,0.8725142959227323,,,,
69,Fluo-N2DH-SIM+,2,./datasets/Fluo-N2DH-SIM+/02/t110.tif,./datasets/Fluo-N2DH-SIM+/02_ERR_SEG/mask110.tif,./datasets/Fluo-N2DH-SIM+/02_GT/SEG/man_seg110.tif,0.8288711843623889,0.831985594183796,0.829960901899165,0.8304387949321012,0.8304387949321012,0.6770381808920862,0.8275576343521854,0.8305913041249007,0.8302452621629848,0.830383076757938,0.8327673247552421,0.8292752829587502,0.8291083510241459,,,,0.8231161167502565,0.8302247383605906,,0.83023646619131,0.8304387949321012,0.8304387949321012,0.818675869665919,0.8304387949321012,0.826389022105418,0.8304387949321012,,,,,,0.8304387949321012,,,,0.8304387949321012,,0.8304387949321012,0.8304387949321012,,,,
70,Fluo-N2DL-HeLa,1,./datasets/Fluo-N2DL-HeLa/01/t030.tif,./datasets/Fluo-N2DL-HeLa/01_ERR_SEG/mask030.tif,,0.9064974423222625,0.9034082130828415,0.8969675618546923,0.9062826868683118,0.9088913431777587,0.9057589808891975,0.9004438893941656,0.897075055187638,0.8988762105335842,0.9064455189864642,0.9081084697713492,0.9017698809047485,0.8974396885241862,,,,0.8701598986713364,0.898749784232979,,0.9062756078419723,0.9062826868683118,0.9057259640312787,0.9058085083212054,0.9056481431067509,0.8994898512970803,0.9013002918619409,,,,,,0.9062826868683118,,,,0.9062803271870234,,0.9062826868683118,0.9062803271870234,,,,
71,Fluo-N2DL-HeLa,1,./datasets/Fluo-N2DL-HeLa/01/t071.tif,./datasets/Fluo-N2DL-HeLa/01_ERR_SEG/mask071.tif,,0.8502810264494068,0.8386852206720753,0.8227699474947566,0.8428591600870212,0.8417615851587503,0.8428768024890804,0.8359079757087916,0.820832451490777,0.8238341968911918,0.8407159189654698,0.8295674736168054,0.8167747293713488,0.8310140488714295,,,,0.8065724042545953,0.8215733425752553,,0.8421052631578947,0.8428768024890804,0.8407819259121134,0.8417065204782218,0.8394231377930983,0.8404167468363356,0.8391112077108918,,,,,,0.8428768024890804,,,,0.8428768024890804,,0.8427709531433604,0.8428745971703498,,,,
72,Fluo-N2DL-HeLa,1,./datasets/Fluo-N2DL-HeLa/01/t073.tif,./datasets/Fluo-N2DL-HeLa/01_ERR_SEG/mask073.tif,,0.835444094041481,0.8376934798873995,0.8443268386681086,0.8411296406330139,0.8401198706658605,0.8395637605939164,0.8358204329198367,0.8143987860022668,0.8233807136049065,0.8398472687825707,0.853380734949706,0.8159092517038888,0.8247569755482566,,,,0.7950705497694966,0.8217457292483643,,0.8429098829034207,0.8411758657711059,0.8398406745763887,0.8401066783923681,0.8370402180590597,0.8393330626089864,0.8395373921810105,,,,,,0.8411758657711059,,,,0.8411736645214204,,0.841118634989862,0.8411758657711059,,,,
73,Fluo-N2DL-HeLa,1,./datasets/Fluo-N2DL-HeLa/01/t063.tif,./datasets/Fluo-N2DL-HeLa/01_ERR_SEG/mask063.tif,,0.8654275705349659,0.8472093943792057,0.8563588124607483,0.8526070632448773,0.8490924438158064,0.8519520657082214,0.8443665978023294,0.8270669287835413,0.8329449235757185,0.849983181971073,0.8365034881640928,0.8340822502521863,0.8418871449433619,,,,0.8247548133832732,0.8325239685805436,,0.8525825481912057,0.852618206665576,0.8515312403816558,0.8505700717155986,0.8488748875968108,0.8455247821621641,0.8491679344674096,,,,,,0.8526159779707119,,,,0.8526159779707119,,0.8525825481912057,0.8526159779707119,,,,
74,Fluo-N2DL-HeLa,1,./datasets/Fluo-N2DL-HeLa/01/t024.tif,./datasets/Fluo-N2DL-HeLa/01_ERR_SEG/mask024.tif,,0.9065894951870995,0.9068420961395115,0.8997569791396814,0.908039910247785,0.9092510652753103,0.908039910247785,0.9025358084418231,0.900185946767648,0.9039565205565487,0.9087399217912409,0.9081983138465809,0.9176171738805599,0.9062708885202881,,,,0.8774512015078128,0.9044533291451848,,0.9081321121287815,0.908039910247785,0.9071679793926785,0.9080304541484175,0.9082266874175993,0.9051719232092003,0.9065942160864554,,,,,,0.908039910247785,,,,0.9080375462141561,,0.908039910247785,0.908039910247785,,,,
75,Fluo-N2DL-HeLa,2,./datasets/Fluo-N2DL-HeLa/02/t030.tif,./datasets/Fluo-N2DL-HeLa/02_ERR_SEG/mask030.tif,,0.6811015800171604,0.6874530197738813,0.6686188062007609,0.6993328463383791,0.6906077954584127,0.696975306805422,0.6609253295426847,0.6866490773262889,0.6809621215925042,0.6947772248353095,0.6686875122578101,0.6482222745467389,0.6802688430148823,,,,0.5977109159967174,0.6583301476882986,,0.6996085382152565,0.696975306805422,0.6976300423194918,0.6952996166861516,0.6913226362667897,0.6822052181131993,0.6915009764573818,,,,,,0.696975306805422,,,,0.696975306805422,,0.696975306805422,0.696975306805422,,,,
76,Fluo-N2DL-HeLa,2,./datasets/Fluo-N2DL-HeLa/02/t071.tif,./datasets/Fluo-N2DL-HeLa/02_ERR_SEG/mask071.tif,,0.5657503299259624,0.6024390370798149,0.5392796171391788,0.5892459647084198,0.5754443469169372,0.5864300482212925,0.5476593662033403,0.559487353975275,0.5552036710885618,0.5874553914726844,0.5464517968966528,0.5169290264369208,0.5408042998445188,,,,0.4416344015157756,0.5245019135468824,,0.5908006272299616,0.5899350914161057,0.5878351208507497,0.5893345332465048,0.5794661199389136,0.5660353374856998,0.5814595433894991,,,,,,0.5899350914161057,,,,0.5899350914161057,,0.5899350914161057,0.589933449928453,,,,
77,Fluo-N2DL-HeLa,2,./datasets/Fluo-N2DL-HeLa/02/t073.tif,./datasets/Fluo-N2DL-HeLa/02_ERR_SEG/mask073.tif,,0.5647130783596117,0.5777573101901607,0.5834368393778121,0.5894460780418024,0.573522319494511,0.5837576398308876,0.5452352570508884,0.5551188656114747,0.5550686148781695,0.5823142476095753,0.5459534668006493,0.5155570951691125,0.5387151728306864,,,,0.4387212197366393,0.5227758819987126,,0.5889917950241856,0.5900023953282839,0.5877368975621021,0.5871968866205486,0.5762844927383439,0.5696507017561742,0.581938778969254,,,,,,0.5900023953282839,,,,0.5900023953282839,,0.5899892624101759,0.5900023953282839,,,,
78,Fluo-N2DL-HeLa,2,./datasets/Fluo-N2DL-HeLa/02/t063.tif,./datasets/Fluo-N2DL-HeLa/02_ERR_SEG/mask063.tif,,0.5791179088377282,0.6122868823711086,0.5652108511799555,0.6012227519196477,0.5898218367191033,0.5984571774360125,0.5572827236672593,0.571742920012574,0.5718343613198101,0.5938943496445305,0.5620942612308492,0.5318764591371955,0.5538369177525868,,,,0.4581828201445116,0.5408597997682707,,0.6017356990484234,0.6017356990484234,0.6030829158204506,0.5987608565205566,0.5975667191581446,0.5770786972510699,0.5921887632828865,,,,,,0.6017356990484234,,,,0.6017340331038902,,0.6016340827732815,0.6017356990484234,,,,
79,Fluo-N2DL-HeLa,2,./datasets/Fluo-N2DL-HeLa/02/t024.tif,./datasets/Fluo-N2DL-HeLa/02_ERR_SEG/mask024.tif,,0.7103471560480763,0.6978508956163474,0.6905632539610226,0.7042788465794902,0.7012532934164811,0.7062407417050663,0.6677586514980046,0.69702205687889,0.692657384162882,0.7036283966091157,0.685668750766213,0.6653599718835329,0.6994153569765414,,,,0.617971672888153,0.6884150606623411,,0.7063144715411122,0.7063976615703734,0.7065262439357372,0.7033005318943024,0.7022650072898946,0.6966107446138118,0.7002127474002754,,,,,,0.7063976615703734,,,,0.7063976615703734,,0.7063976615703734,0.7063976615703734,,,,
80,PhC-C2DH-U373,1,./datasets/PhC-C2DH-U373/01/t037.tif,./datasets/PhC-C2DH-U373/01_ERR_SEG/mask037.tif,,0.8376517540251947,0.8496022731628291,0.8334067871308947,0.8505432698453279,0.8459937671187461,0.8458666653066117,0.8498669794757381,0.8372412952876019,0.828331253694096,0.8495266567015446,0.8494415955726232,0.8196490116669306,0.8424837283415763,,,,0.851040161618228,0.8219069816611209,,0.8417477062119292,0.8505432698453279,0.8505432698453279,0.842042982020842,0.8319405145752451,0.7910979580929003,0.8445449031909525,,,,,,0.8505385388251596,,,,0.8505385388251596,,0.8505385388251596,0.8505432698453279,,,,
81,PhC-C2DH-U373,1,./datasets/PhC-C2DH-U373/01/t077.tif,./datasets/PhC-C2DH-U373/01_ERR_SEG/mask077.tif,,0.8208895149929564,0.8345080328155532,0.8103875185705782,0.836183344368089,0.8218611253737654,0.8268039259728494,0.8310137052832881,0.8296853711619301,0.8028348621796708,0.8345080328155532,0.8197222047639997,0.7941834784613211,0.813517197145835,,,,0.8490683642345873,0.804344845637082,,0.8121415284937125,0.8385105788524548,0.8115882180693311,0.8205185600639837,0.8121959707280679,0.7561089222289075,0.8232745591939546,,,,,,0.8348009916198993,,,,0.8348009916198993,,0.8348102934317523,0.8348009916198993,,,,
82,PhC-C2DH-U373,1,./datasets/PhC-C2DH-U373/01/t011.tif,./datasets/PhC-C2DH-U373/01_ERR_SEG/mask011.tif,,0.8232470038236198,0.8276987872406505,0.8167397873643418,0.8295373836381973,0.8590555245929848,0.8262600573733887,0.8294680227268132,0.8254955020843999,0.7885620390160735,0.8292461031478074,0.8148858550528414,0.7979716185569827,0.8356850850586839,,,,0.8150587893088463,0.8240142727907287,,0.8173646906407627,0.8294680227268132,0.8233113009833951,0.8327104791419804,0.8131446978843639,0.7824049563780617,0.8563284273371443,,,,,,0.8295373836381973,,,,0.8295327594138135,,0.8295373836381973,0.8295373836381973,,,,
83,PhC-C2DH-U373,1,./datasets/PhC-C2DH-U373/01/t019.tif,./datasets/PhC-C2DH-U373/01_ERR_SEG/mask019.tif,,0.8418133148772022,0.8519541923797243,0.8256934880975801,0.8537374896280437,0.846638960959444,0.8470630564422907,0.8574383240355352,0.8425587699983454,0.822943949711891,0.8537374896280437,0.8363230917933223,0.8204315678285801,0.8420289191211274,,,,0.8703972630349511,0.8395151145503755,,0.8405769093849487,0.8537374896280437,0.8804360250641672,0.8631612273842281,0.835754918197012,0.7829625396575167,0.861091756163658,,,,,,0.8537374896280437,,,,0.853732742261388,,0.853732742261388,0.853732742261388,,,,
84,PhC-C2DH-U373,1,./datasets/PhC-C2DH-U373/01/t099.tif,./datasets/PhC-C2DH-U373/01_ERR_SEG/mask099.tif,,0.8284005284336187,0.8262969195873271,0.8148358012867122,0.8286314821504811,0.8221408846385246,0.8297639992719772,0.8229944517341165,0.8224207298343849,0.7949309269990998,0.8283358718467496,0.834182632735234,0.8060691348413851,0.836183344368089,,,,0.8237109635807057,0.8063891432977882,,0.8119283279013533,0.8329425230307972,0.8386973861355959,0.8278003217033613,0.821237708960256,0.7575757575757576,0.829417161400875,,,,,,0.8286268625043578,,,,0.8286268625043578,,0.8286314821504811,0.8286268625043578,,,,
85,PhC-C2DH-U373,2,./datasets/PhC-C2DH-U373/02/t037.tif,./datasets/PhC-C2DH-U373/02_ERR_SEG/mask037.tif,,0.9455292659916732,0.8864983906488226,0.8825047008002413,0.8998774255694987,0.8937041348908394,0.8879991653407757,0.9002564863211671,0.8905535009089199,0.8813939948432171,0.8954943253533888,0.8957028221835781,0.8729623151205275,0.8909090909090909,,,,0.8944178219324715,0.8873099887883608,,0.8872017353579176,0.8953652788688138,0.8845828397359959,0.8901832368447853,0.8787277889961119,0.845419594325865,0.89031157862849,,,,,,0.8954943253533888,,,,0.8954893617021277,,0.8954893617021277,0.8954943253533888,,,,
86,PhC-C2DH-U373,2,./datasets/PhC-C2DH-U373/02/t077.tif,./datasets/PhC-C2DH-U373/02_ERR_SEG/mask077.tif,./datasets/PhC-C2DH-U373/02_GT/SEG/man_seg077.tif,0.8918629298470755,0.8952213631329383,0.8803187896798595,0.9013446318482581,0.8858397880306074,0.8823921026078454,0.894869109947644,0.8914031878756206,0.8772368434702325,0.8952213631329383,0.8875560655053718,0.8811299669949842,0.8921695486805474,,,,0.8710983241696458,0.9064174080687726,,0.8835971125672025,0.8987610730896052,0.9231269942904511,0.8934663586923823,0.8787667997321387,0.8633195012201778,0.8875806767064346,,,,,,0.8952213631329383,,,,0.8952164009111617,,0.8952164009111617,0.8952164009111617,,,,
87,PhC-C2DH-U373,2,./datasets/PhC-C2DH-U373/02/t011.tif,./datasets/PhC-C2DH-U373/02_ERR_SEG/mask011.tif,,0.9026040420873341,0.9093189557620631,0.9034095391363343,0.9103872556393954,0.9042407660738714,0.8993091179117676,0.9108159192422627,0.9042658142930429,0.8947699073346945,0.9094851692008991,0.9175026689378025,0.8884818884818885,0.9011199125921879,,,,0.8963981430053551,0.9061161934556256,,0.8961149865487532,0.913260451248652,0.8809637652537263,0.9070000263456016,0.8846564428359414,0.8680320422825997,0.9061764287632922,,,,,,0.9094801320048433,,,,0.9094801320048433,,0.9094851692008991,0.9094801320048433,,,,
88,PhC-C2DH-U373,2,./datasets/PhC-C2DH-U373/02/t019.tif,./datasets/PhC-C2DH-U373/02_ERR_SEG/mask019.tif,./datasets/PhC-C2DH-U373/02_GT/SEG/man_seg019.tif,0.8885804337389634,0.8873788838014581,0.8905238744456458,0.8922091196407145,0.8916008989703653,0.8864344762162895,0.8952362499541796,0.8885557964605233,0.8708613550718269,0.8922289057414654,0.8832344676865439,0.8805093046033301,0.8877677428104226,,,,0.8879203768329134,0.8824949091183347,,0.8892705386133238,0.8916453896631656,0.8784157614196073,0.8975166921385074,0.8697981514871281,0.8626578076509369,0.893337588181288,,,,,,0.8922239591774849,,,,0.8922239591774849,,0.8922239591774849,0.8922239591774849,,,,
89,PhC-C2DH-U373,2,./datasets/PhC-C2DH-U373/02/t099.tif,./datasets/PhC-C2DH-U373/02_ERR_SEG/mask099.tif,,0.8845239613951684,0.9088859294030776,0.8895269917510703,0.9132149380050061,0.9003063739968024,0.8928375303993097,0.9095859187033051,0.8963335560183912,0.8875166889185581,0.9098327999219011,0.8758211771047401,0.8756461915188578,0.8947996670279099,,,,0.9070050504651328,0.8832001706702188,,0.8879203768329134,0.9137410009174239,0.9233416147417928,0.9089211683914048,0.8900943950491559,0.8414759486715038,0.9010849610375284,,,,,,0.9098277608915907,,,,0.9098327999219011,,0.9098327999219011,0.9098277608915907,,,,
90,PhC-C2DL-PSC,1,./datasets/PhC-C2DL-PSC/01/t125.tif,./datasets/PhC-C2DL-PSC/01_ERR_SEG/mask125.tif,,0.851792316347854,0.894572382697043,0.8640357776928782,0.8956115532112314,0.8949705967018958,0.8833787465940055,0.8922384096290991,0.8800873130826822,0.8878884164716807,0.8879915506550974,0.8467375283320494,0.8454637688898382,0.8956115532112314,,,,0.8956115532112314,0.8812685135202566,,0.8956115532112314,0.8956115532112314,0.8956115532112314,0.8952477138848648,0.8903796758658884,0.8350889070309233,0.8032754808538948,,,,,,0.8956115532112314,,,,0.8956072209690579,,0.8956028887466861,0.8956115532112314,,,,
91,PhC-C2DL-PSC,1,./datasets/PhC-C2DL-PSC/01/t109.tif,./datasets/PhC-C2DL-PSC/01_ERR_SEG/mask109.tif,,0.8684573918097303,0.8988358916246008,0.8702395071861175,0.9086848566714454,0.9086497196072431,0.8977237107929833,0.9082632972665803,0.8975283448787049,0.8949619380957168,0.9030356704470106,0.8574029411567117,0.8573197575345012,0.9060750627361223,,,,0.9086848566714454,0.8867460999877165,,0.9012297571430209,0.9086848566714454,0.9086848566714454,0.9086848566714454,0.9018531511824673,0.8561684300982867,0.8391171599050109,,,,,,0.9086804644676709,,,,0.9086804644676709,,0.9086848566714454,0.9086848566714454,,,,
92,PhC-C2DL-PSC,1,./datasets/PhC-C2DL-PSC/01/t148.tif,./datasets/PhC-C2DL-PSC/01_ERR_SEG/mask148.tif,,0.8164974869419532,0.8818276488725233,0.8310620928379211,0.8804283016429716,0.8782268437165993,0.8504166248368638,0.8797421881373909,0.8604233862827869,0.8630937005132583,0.8706233381370897,0.8086546953193995,0.8080830099838688,0.8801299298895414,,,,0.8804283016429716,0.8612708720892398,,0.8804283016429716,0.8804283016429716,0.8804283016429716,0.8802322181091135,0.8739282591652904,0.7951575935573096,0.8295111907130427,,,,,,0.8804283016429716,,,,0.8804283016429716,,0.8804155123397733,0.8804283016429716,,,,
93,PhC-C2DL-PSC,1,./datasets/PhC-C2DL-PSC/01/t134.tif,./datasets/PhC-C2DL-PSC/01_ERR_SEG/mask134.tif,,0.8438842859461178,0.884940970604611,0.8503134271755861,0.894858040993119,0.8929250374846809,0.8559732201394934,0.8945161268218478,0.8839733703416837,0.8753137053634008,0.8862011957038347,0.8337338583269036,0.8306902830657176,0.8853651440209485,,,,0.894858040993119,0.8806201620692626,,0.894858040993119,0.894858040993119,0.894858040993119,0.894858040993119,0.8879141989611737,0.8230892993731372,0.7934497051783524,,,,,,0.894858040993119,,,,0.894858040993119,,0.8948537121944199,0.894858040993119,,,,
94,PhC-C2DL-PSC,1,./datasets/PhC-C2DL-PSC/01/t043.tif,./datasets/PhC-C2DL-PSC/01_ERR_SEG/mask043.tif,,0.9101441865927886,0.9250219902384229,0.9171553320189256,0.9297425195256608,0.9297425195256608,0.9175099003377558,0.9292263463694428,0.9245976499415269,0.9239771100909983,0.9290244407285007,0.9093878697332649,0.9005196733481812,0.9297425195256608,,,,0.9297425195256608,0.922982403264322,,0.9297425195256608,0.9297425195256608,0.9297425195256608,0.9297425195256608,0.92756300763412,0.8894581339140696,0.8669475731302163,,,,,,0.9297425195256608,,,,0.9297425195256608,,0.9297425195256608,0.9297425195256608,,,,
95,PhC-C2DL-PSC,2,./datasets/PhC-C2DL-PSC/02/t125.tif,./datasets/PhC-C2DL-PSC/02_ERR_SEG/mask125.tif,,0.8740468105008439,0.9026864343210279,0.8714885897499537,0.9105885821693142,0.9086233676580567,0.874262781837656,0.9100694076629376,0.8886880012387228,0.8933830662926042,0.9031448330296953,0.8639352440707065,0.8671282862821987,0.8938975326175809,,,,0.9105885821693142,0.896426366691817,,0.9105885821693142,0.9105885821693142,0.9105885821693142,0.9094581995234642,0.9024769541652236,0.8532073195254374,0.8170426614207037,,,,,,0.9105885821693142,,,,0.9105841811995974,,0.9105885821693142,0.9105885821693142,,,,
96,PhC-C2DL-PSC,2,./datasets/PhC-C2DL-PSC/02/t109.tif,./datasets/PhC-C2DL-PSC/02_ERR_SEG/mask109.tif,,0.8797379281274008,0.910641395387408,0.8897121141701069,0.9201511230050513,0.9199244474175785,0.8956722066809281,0.9193113581932408,0.9049675133035835,0.9039705075556025,0.91495551071483,0.8809144241082868,0.8759584025041729,0.9171243135297055,,,,0.9201511230050513,0.9044164074069823,,0.9201511230050513,0.9201511230050513,0.9201511230050513,0.9201511230050513,0.912826899128269,0.8654989305498391,0.853029290927654,,,,,,0.9201511230050513,,,,0.9201511230050513,,0.9201511230050513,0.9201466778712263,,,,
97,PhC-C2DL-PSC,2,./datasets/PhC-C2DL-PSC/02/t148.tif,./datasets/PhC-C2DL-PSC/02_ERR_SEG/mask148.tif,,0.845328278614669,0.8929682382824892,0.860594491165182,0.8963223089479966,0.8933484903476754,0.8534847811076127,0.8958845243945646,0.8741865509761388,0.8775210854418776,0.8921175456125703,0.8432614420480683,0.8451435512072717,0.8876692937398583,,,,0.8963223089479966,0.881951471862847,,0.8963223089479966,0.8963223089479966,0.8963223089479966,0.8963223089479966,0.8851208996506763,0.8228168568364422,0.7976086499513451,,,,,,0.8963223089479966,,,,0.8963223089479966,,0.8963223089479966,0.8963223089479966,,,,
98,PhC-C2DL-PSC,2,./datasets/PhC-C2DL-PSC/02/t134.tif,./datasets/PhC-C2DL-PSC/02_ERR_SEG/mask134.tif,,0.8617095298590879,0.8956375470801184,0.8712141550276021,0.9028610363600075,0.9033588280244254,0.8718940559961363,0.9041978029546472,0.8828657041678016,0.8882279423314643,0.9009421746334778,0.8517509745000246,0.8581269531906314,0.8990097876481026,,,,0.9051819184123484,0.8905132448066956,,0.8976542427480113,0.9051819184123484,0.9025991453167902,0.9032583754015604,0.8975630736568537,0.8404025880661394,0.818078199457277,,,,,,0.9051819184123484,,,,0.9051819184123484,,0.9051819184123484,0.9051819184123484,,,,
99,PhC-C2DL-PSC,2,./datasets/PhC-C2DL-PSC/02/t043.tif,./datasets/PhC-C2DL-PSC/02_ERR_SEG/mask043.tif,,0.915618908607167,0.9317244945013484,0.9160260201064458,0.9366724183421632,0.9366724183421632,0.915601212031631,0.9366724183421632,0.9252051843874178,0.9272584479044922,0.9348833737289381,0.9084125782574783,0.904735660057594,0.9364599092284418,,,,0.9366724183421632,0.9223005309595048,,0.9366724183421632,0.9366724183421632,0.9366724183421632,0.9366724183421632,0.9343960259803864,0.9043333318027156,0.9204000833506981,,,,,,0.9366724183421632,,,,0.936667896386026,,0.9366724183421632,0.9366724183421632,,,,
